product_name,brand_name,link
식물나라 뽀얀쌀 생기 톤업 선쿠션 보노보노 기획 2종 (01호/02호),식물나라,https://www.oliveyoung.co.kr/store/goods/getGoodsDetail.do?goodsNo=A000000199740&dispCatNo=100000100110004&trackingCd=Cat100000100110004_Small&t_page=카테고리관&t_click=선쿠션_전체__상품상세&t_number=1
[프롬젤라PICK] 톤핏선 비건 파데프리 핑베 테라조쿠션 SPF50+ PA++++,톤핏선,https://www.oliveyoung.co.kr/store/goods/getGoodsDetail.do?goodsNo=A000000179295&dispCatNo=100000100110004&trackingCd=Cat100000100110004_Small&t_page=카테고리관&t_click=선쿠션_전체__상품상세&t_number=2
식물나라 뽀얀쌀 생기 톤업 선 쿠션 단품(01 뽀얀 화이트/02생기 피치),식물나라,https://www.oliveyoung.co.kr/store/goods/getGoodsDetail.do?goodsNo=A000000201009&dispCatNo=100000100110004&trackingCd=Cat100000100110004_Small&t_page=카테고리관&t_click=선쿠션_전체__상품상세&t_number=3
[NEW] 브링그린 티트리시카톤업선쿠션 리필기획(배스킨콜라보),브링그린,https://www.oliveyoung.co.kr/store/goods/getGoodsDetail.do?goodsNo=A000000205164&dispCatNo=100000100110004&trackingCd=Cat100000100110004_Small&t_page=카테고리관&t_click=선쿠션_전체__상품상세&t_number=4
[수분쿨링] 라운드랩 자작나무 수분 선쿠션 15g,라운드랩,https://www.oliveyoung.co.kr/store/goods/getGoodsDetail.do?goodsNo=A000000162243&dispCatNo=100000100110004&trackingCd=Cat100000100110004_Small&t_page=카테고리관&t_click=선쿠션_전체__상품상세&t_number=5
[1+1][간편밀착] 달바 워터풀 톤업 선 쿠션 듀오 기획(15g+15g),달바,https://www.oliveyoung.co.kr/store/goods/getGoodsDetail.do?goodsNo=A000000187473&dispCatNo=100000100110004&trackingCd=Cat100000100110004_Small&t_page=카테고리관&t_click=선쿠션_전체__상품상세&t_number=6
브링그린 티트리시카톤업선쿠션 15g_NEW,브링그린,https://www.oliveyoung.co.kr/store/goods/getGoodsDetail.do?goodsNo=A000000201172&dispCatNo=100000100110004&trackingCd=Cat100000100110004_Small&t_page=카테고리관&t_click=선쿠션_전체__상품상세&t_number=7
[배라콜라보] 브링그린 티트리시카 선 3종(선크림/선스틱/선쿠션),브링그린,https://www.oliveyoung.co.kr/store/goods/getGoodsDetail.do?goodsNo=A000000206373&dispCatNo=100000100110004&trackingCd=Cat100000100110004_Small&t_page=카테고리관&t_click=선쿠션_전체__상품상세&t_number=8
"[오롤리콜라보]AGE20S 핑크 수분광 글로우핏 톤업 선팩트 12.5g*2 (+파우치, 스티커 증정)",에이지투웨니스,https://www.oliveyoung.co.kr/store/goods/getGoodsDetail.do?goodsNo=A000000205610&dispCatNo=100000100110004&trackingCd=Cat100000100110004_Small&t_page=카테고리관&t_click=선쿠션_전체__상품상세&t_number=9
[NEW] 아떼 속광 톤업 선쿠션 SPF50+/PA++++,아떼,https://www.oliveyoung.co.kr/store/goods/getGoodsDetail.do?goodsNo=A000000207012&dispCatNo=100000100110004&trackingCd=Cat100000100110004_Small&t_page=카테고리관&t_click=선쿠션_전체__상품상세&t_number=10
(1+1) 카트린 내추럴100 썬킬RX 선파우더 SPF46 PA+++,카트린,https://www.oliveyoung.co.kr/store/goods/getGoodsDetail.do?goodsNo=B000000147603&dispCatNo=100000100110004&trackingCd=Cat100000100110004_Small&t_page=카테고리관&t_click=선쿠션_전체__상품상세&t_number=11
셀퓨전씨 토닝 썬쿠션 13g SPF 50+/PA++++,셀퓨전씨,https://www.oliveyoung.co.kr/store/goods/getGoodsDetail.do?goodsNo=A000000164403&dispCatNo=100000100110004&trackingCd=Cat100000100110004_Small&t_page=카테고리관&t_click=선쿠션_전체__상품상세&t_number=12
[스티커 증정]그린핑거 포레스트 멀티 디펜스 선쿠션 산리오 에디션 2종(시나모롤/헬로키티),그린핑거,https://www.oliveyoung.co.kr/store/goods/getGoodsDetail.do?goodsNo=A000000201762&dispCatNo=100000100110004&trackingCd=Cat100000100110004_Small&t_page=카테고리관&t_click=선쿠션_전체__상품상세&t_number=13
[NEW/민감진정]AGE20S 선 에센스 팩트 무기자차 카밍 롱 프로텍션 12.5g (본품+리필),에이지투웨니스,https://www.oliveyoung.co.kr/store/goods/getGoodsDetail.do?goodsNo=A000000201312&dispCatNo=100000100110004&trackingCd=Cat100000100110004_Small&t_page=카테고리관&t_click=선쿠션_전체__상품상세&t_number=14
AHC 세이프온 마일드 선 쿠션 25g,AHC,https://www.oliveyoung.co.kr/store/goods/getGoodsDetail.do?goodsNo=A000000164845&dispCatNo=100000100110004&trackingCd=Cat100000100110004_Small&t_page=카테고리관&t_click=선쿠션_전체__상품상세&t_number=15
싸이닉 엔조이 올라운드 에어리 선 쿠션 EX 25g,싸이닉,https://www.oliveyoung.co.kr/store/goods/getGoodsDetail.do?goodsNo=A000000190040&dispCatNo=100000100110004&trackingCd=Cat100000100110004_Small&t_page=카테고리관&t_click=선쿠션_전체__상품상세&t_number=16
빌리프 해피보 선 메탈 쿠션 15g,빌리프,https://www.oliveyoung.co.kr/store/goods/getGoodsDetail.do?goodsNo=A000000184388&dispCatNo=100000100110004&trackingCd=Cat100000100110004_Small&t_page=카테고리관&t_click=선쿠션_전체__상품상세&t_number=17
스킨앤랩 베리어덤 마일드 선 쿠션 15g (+리필 15g 증정),스킨앤랩,https://www.oliveyoung.co.kr/store/goods/getGoodsDetail.do?goodsNo=A000000187261&dispCatNo=100000100110004&trackingCd=Cat100000100110004_Small&t_page=카테고리관&t_click=선쿠션_전체__상품상세&t_number=18
롬앤 백미 톤업 선 쿠션,롬앤,https://www.oliveyoung.co.kr/store/goods/getGoodsDetail.do?goodsNo=A000000183428&dispCatNo=100000100110004&trackingCd=Cat100000100110004_Small&t_page=카테고리관&t_click=선쿠션_전체__상품상세&t_number=19
[더보이즈 큐PICK]듀이트리 어반쉐이드 커버 앤 핏 선쿠션 14g,듀이트리,https://www.oliveyoung.co.kr/store/goods/getGoodsDetail.do?goodsNo=A000000162400&dispCatNo=100000100110004&trackingCd=Cat100000100110004_Small&t_page=카테고리관&t_click=선쿠션_전체__상품상세&t_number=20
"[오롤리콜라보]AGE20S 선 에센스팩트 카밍 롱 프로텍션 12.5g*2 (+파우치, 스티커 증정)",에이지투웨니스,https://www.oliveyoung.co.kr/store/goods/getGoodsDetail.do?goodsNo=A000000205609&dispCatNo=100000100110004&trackingCd=Cat100000100110004_Small&t_page=카테고리관&t_click=선쿠션_전체__상품상세&t_number=21
카트린 내추럴100 썬킬RX 선파우더 SPF46 PA+++,카트린,https://www.oliveyoung.co.kr/store/goods/getGoodsDetail.do?goodsNo=B000000147599&dispCatNo=100000100110004&trackingCd=Cat100000100110004_Small&t_page=카테고리관&t_click=선쿠션_전체__상품상세&t_number=22
마르시끄 세럼 톤업 선쿠션 12g,마르시끄,https://www.oliveyoung.co.kr/store/goods/getGoodsDetail.do?goodsNo=A000000200238&dispCatNo=100000100110004&trackingCd=Cat100000100110004_Small&t_page=카테고리관&t_click=선쿠션_전체__상품상세&t_number=23
[생기톤업] 달바 워터풀 톤업 선 쿠션 15g,달바,https://www.oliveyoung.co.kr/store/goods/getGoodsDetail.do?goodsNo=A000000184458&dispCatNo=100000100110004&trackingCd=Cat100000100110004_Small&t_page=카테고리관&t_click=선쿠션_전체__상품상세&t_number=24
[톤업탄력] 블리브유 콜라겐 바운싱 선쿠션 24g,블리브유,https://www.oliveyoung.co.kr/store/goods/getGoodsDetail.do?goodsNo=A000000189036&dispCatNo=100000100110004&trackingCd=Cat100000100110004_Small&t_page=카테고리관&t_click=선쿠션_전체__상품상세&t_number=1
[쿨링자차] 달바 워터풀 프레쉬 선 쿠션 25g,달바,https://www.oliveyoung.co.kr/store/goods/getGoodsDetail.do?goodsNo=A000000184456&dispCatNo=100000100110004&trackingCd=Cat100000100110004_Small&t_page=카테고리관&t_click=선쿠션_전체__상품상세&t_number=2
[선착순선로션10g추가증정]궁중비책 모이스처 선쿠션 마일드 14g 리필기획 (+14g 리필),궁중비책,https://www.oliveyoung.co.kr/store/goods/getGoodsDetail.do?goodsNo=A000000201364&dispCatNo=100000100110004&trackingCd=Cat100000100110004_Small&t_page=카테고리관&t_click=선쿠션_전체__상품상세&t_number=3
[세븐틴 승관PICK] 그린핑거 포레스트 멀티디펜스 선쿠션 13g 본품/리필 택1,그린핑거,https://www.oliveyoung.co.kr/store/goods/getGoodsDetail.do?goodsNo=A000000186983&dispCatNo=100000100110004&trackingCd=Cat100000100110004_Small&t_page=카테고리관&t_click=선쿠션_전체__상품상세&t_number=4
[파데프리] 넘버즈인 3번 도자기결 고이빚은 세라믹쿠션 SPF50+ PA++++,넘버즈인,https://www.oliveyoung.co.kr/store/goods/getGoodsDetail.do?goodsNo=A000000188223&dispCatNo=100000100110004&trackingCd=Cat100000100110004_Small&t_page=카테고리관&t_click=선쿠션_전체__상품상세&t_number=5
[NEW/핑크톤업]AGE20S 글로우 핏 수분광 톤업 선팩트 12.5g (본품+리필),에이지투웨니스,https://www.oliveyoung.co.kr/store/goods/getGoodsDetail.do?goodsNo=A000000201313&dispCatNo=100000100110004&trackingCd=Cat100000100110004_Small&t_page=카테고리관&t_click=선쿠션_전체__상품상세&t_number=6
[NEW] 라끌랑 슈퍼시카 톤업 선쿠션 24g,라끌랑,https://www.oliveyoung.co.kr/store/goods/getGoodsDetail.do?goodsNo=A000000150244&dispCatNo=100000100110004&trackingCd=Cat100000100110004_Small&t_page=카테고리관&t_click=선쿠션_전체__상품상세&t_number=7
BRTC 마일드 선 쿠션 25g,비알티씨,https://www.oliveyoung.co.kr/store/goods/getGoodsDetail.do?goodsNo=A000000175974&dispCatNo=100000100110004&trackingCd=Cat100000100110004_Small&t_page=카테고리관&t_click=선쿠션_전체__상품상세&t_number=8
김정문알로에 큐어 아쿠아 마일드 쿨링 선쿠션 리필 기획(25g+리필),큐어,https://www.oliveyoung.co.kr/store/goods/getGoodsDetail.do?goodsNo=A000000167182&dispCatNo=100000100110004&trackingCd=Cat100000100110004_Small&t_page=카테고리관&t_click=선쿠션_전체__상품상세&t_number=9
