product_name,product_brand,product_link
[보냉백증정]식물나라 보송 페이스 앤 바디 선 스틱 더블 기획 (30gX2),식물나라,https://www.oliveyoung.co.kr/store/goods/getGoodsDetail.do?goodsNo=A000000166296&dispCatNo=100000100110003&trackingCd=Cat100000100110003_Small&t_page=카테고리관&t_click=선스틱_전체__상품상세&t_number=1
[워터프루프/김고은 PICK] 가히 에어리 핏 선스틱 14g,가히,https://www.oliveyoung.co.kr/store/goods/getGoodsDetail.do?goodsNo=A000000207894&dispCatNo=100000100110003&trackingCd=Cat100000100110003_Small&t_page=카테고리관&t_click=선스틱_전체__상품상세&t_number=2
[박세리 공동개발] AHC 마스터즈 에어리치 선스틱 22g,AHC,https://www.oliveyoung.co.kr/store/goods/getGoodsDetail.do?goodsNo=A000000182989&dispCatNo=100000100110003&trackingCd=Cat100000100110003_Small&t_page=카테고리관&t_click=선스틱_전체__상품상세&t_number=3
[즉각쿨링] 라운드랩 자작나무 수분 선스틱 19g 더블 기획,라운드랩,https://www.oliveyoung.co.kr/store/goods/getGoodsDetail.do?goodsNo=A000000202197&dispCatNo=100000100110003&trackingCd=Cat100000100110003_Small&t_page=카테고리관&t_click=선스틱_전체__상품상세&t_number=4
[노세범/보송매트] 토코보 코튼 소프트 선스틱 19g SPF50+ PA++++,토코보,https://www.oliveyoung.co.kr/store/goods/getGoodsDetail.do?goodsNo=A000000179127&dispCatNo=100000100110003&trackingCd=Cat100000100110003_Small&t_page=카테고리관&t_click=선스틱_전체__상품상세&t_number=5
[리필기획] 구달 맑은 어성초 진정 쿨링 선스틱 38g (19g+19g 리필),구달,https://www.oliveyoung.co.kr/store/goods/getGoodsDetail.do?goodsNo=A000000182782&dispCatNo=100000100110003&trackingCd=Cat100000100110003_Small&t_page=카테고리관&t_click=선스틱_전체__상품상세&t_number=6
셀퓨전씨 스틱 썬스크린 19g (SPF50+/PA++++),셀퓨전씨,https://www.oliveyoung.co.kr/store/goods/getGoodsDetail.do?goodsNo=A000000123594&dispCatNo=100000100110003&trackingCd=Cat100000100110003_Small&t_page=카테고리관&t_click=선스틱_전체__상품상세&t_number=7
[대용량] AHC 내추럴 퍼펙션 프레쉬 선스틱 22g,AHC,https://www.oliveyoung.co.kr/store/goods/getGoodsDetail.do?goodsNo=A000000182987&dispCatNo=100000100110003&trackingCd=Cat100000100110003_Small&t_page=카테고리관&t_click=선스틱_전체__상품상세&t_number=8
식물나라 보송 페이스 앤 바디 선 스틱 30g,식물나라,https://www.oliveyoung.co.kr/store/goods/getGoodsDetail.do?goodsNo=A000000150460&dispCatNo=100000100110003&trackingCd=Cat100000100110003_Small&t_page=카테고리관&t_click=선스틱_전체__상품상세&t_number=9
[민감피부] 닥터지 그린마일드 업 선스틱 20g,닥터지,https://www.oliveyoung.co.kr/store/goods/getGoodsDetail.do?goodsNo=A000000150730&dispCatNo=100000100110003&trackingCd=Cat100000100110003_Small&t_page=카테고리관&t_click=선스틱_전체__상품상세&t_number=10
[쿨링/더보이즈 큐PICK]듀이트리 어반쉐이드 쿨 카밍 선스틱 20g,듀이트리,https://www.oliveyoung.co.kr/store/goods/getGoodsDetail.do?goodsNo=A000000163578&dispCatNo=100000100110003&trackingCd=Cat100000100110003_Small&t_page=카테고리관&t_click=선스틱_전체__상품상세&t_number=11
조선미녀 산들쑥선스틱 18g,조선미녀,https://www.oliveyoung.co.kr/store/goods/getGoodsDetail.do?goodsNo=A000000188567&dispCatNo=100000100110003&trackingCd=Cat100000100110003_Small&t_page=카테고리관&t_click=선스틱_전체__상품상세&t_number=12
[워터프루프/백송민PICK] 톤핏선 비건 노세범 프라이머 선스틱 SPF50+ PA++++,톤핏선,https://www.oliveyoung.co.kr/store/goods/getGoodsDetail.do?goodsNo=A000000186208&dispCatNo=100000100110003&trackingCd=Cat100000100110003_Small&t_page=카테고리관&t_click=선스틱_전체__상품상세&t_number=13
김정문알로에 큐어 워터 스플래쉬 쿨링 선스틱 더블기획(23g + 23g),큐어,https://www.oliveyoung.co.kr/store/goods/getGoodsDetail.do?goodsNo=A000000202400&dispCatNo=100000100110003&trackingCd=Cat100000100110003_Small&t_page=카테고리관&t_click=선스틱_전체__상품상세&t_number=14
싸이닉 엔조이 슈퍼 액티브 에어리 썬스틱 15g,싸이닉,https://www.oliveyoung.co.kr/store/goods/getGoodsDetail.do?goodsNo=A000000125152&dispCatNo=100000100110003&trackingCd=Cat100000100110003_Small&t_page=카테고리관&t_click=선스틱_전체__상품상세&t_number=15
[즉각쿨링] 라운드랩 자작나무 수분 선스틱 19g,라운드랩,https://www.oliveyoung.co.kr/store/goods/getGoodsDetail.do?goodsNo=A000000184394&dispCatNo=100000100110003&trackingCd=Cat100000100110003_Small&t_page=카테고리관&t_click=선스틱_전체__상품상세&t_number=16
[선착순선로션10g추가증정]궁중비책 프레시 선스틱 마일드 23g 기획 (+클렌징티슈 10매),궁중비책,https://www.oliveyoung.co.kr/store/goods/getGoodsDetail.do?goodsNo=A000000201337&dispCatNo=100000100110003&trackingCd=Cat100000100110003_Small&t_page=카테고리관&t_click=선스틱_전체__상품상세&t_number=17
브링그린 티트리시카쿨링선스틱 20g_NEW,브링그린,https://www.oliveyoung.co.kr/store/goods/getGoodsDetail.do?goodsNo=A000000201193&dispCatNo=100000100110003&trackingCd=Cat100000100110003_Small&t_page=카테고리관&t_click=선스틱_전체__상품상세&t_number=18
[급속쿨링]라운드어라운드 컴포트 그린티 에어 선스틱 더블기획,라운드어라운드,https://www.oliveyoung.co.kr/store/goods/getGoodsDetail.do?goodsNo=A000000200721&dispCatNo=100000100110003&trackingCd=Cat100000100110003_Small&t_page=카테고리관&t_click=선스틱_전체__상품상세&t_number=19
닥터아토 실키 포켓 선 스틱 SPF 50+,닥터아토,https://www.oliveyoung.co.kr/store/goods/getGoodsDetail.do?goodsNo=A000000107874&dispCatNo=100000100110003&trackingCd=Cat100000100110003_Small&t_page=카테고리관&t_click=선스틱_전체__상품상세&t_number=20
싸이닉 엔조이 워터프루프 에어리 선스틱 테니스 클럽 키트 (+선패치 증정),싸이닉,https://www.oliveyoung.co.kr/store/goods/getGoodsDetail.do?goodsNo=A000000182896&dispCatNo=100000100110003&trackingCd=Cat100000100110003_Small&t_page=카테고리관&t_click=선스틱_전체__상품상세&t_number=21
[6월올영픽/수분]닥터지 레드 블레미쉬 수딩 업 선스틱 21g,닥터지,https://www.oliveyoung.co.kr/store/goods/getGoodsDetail.do?goodsNo=A000000180141&dispCatNo=100000100110003&trackingCd=Cat100000100110003_Small&t_page=카테고리관&t_click=선스틱_전체__상품상세&t_number=22
[안선영 Pick] 딘시 프리미엄 비건 3 in 1 선스틱 SPF50+ PA++++ 10.5g,딘시,https://www.oliveyoung.co.kr/store/goods/getGoodsDetail.do?goodsNo=A000000202346&dispCatNo=100000100110003&trackingCd=Cat100000100110003_Small&t_page=카테고리관&t_click=선스틱_전체__상품상세&t_number=23
[피부보송] 이즈앤트리 어니언 프레쉬 라이트 선 스틱 22g,이즈앤트리,https://www.oliveyoung.co.kr/store/goods/getGoodsDetail.do?goodsNo=A000000203079&dispCatNo=100000100110003&trackingCd=Cat100000100110003_Small&t_page=카테고리관&t_click=선스틱_전체__상품상세&t_number=24
엠도씨 선샤인 유브이 솔루션 스틱 20g,엠도씨,https://www.oliveyoung.co.kr/store/goods/getGoodsDetail.do?goodsNo=A000000137158&dispCatNo=100000100110003&trackingCd=Cat100000100110003_Small&t_page=카테고리관&t_click=선스틱_전체__상품상세&t_number=1
[NEW] 정샘물 선슈얼 아이스 선스틱 16g,정샘물,https://www.oliveyoung.co.kr/store/goods/getGoodsDetail.do?goodsNo=A000000202372&dispCatNo=100000100110003&trackingCd=Cat100000100110003_Small&t_page=카테고리관&t_click=선스틱_전체__상품상세&t_number=2
[씨프렌들리] 부쉬맨 워터프루프 서핑 선스틱 16g,부쉬맨,https://www.oliveyoung.co.kr/store/goods/getGoodsDetail.do?goodsNo=A000000202327&dispCatNo=100000100110003&trackingCd=Cat100000100110003_Small&t_page=카테고리관&t_click=선스틱_전체__상품상세&t_number=3
비오템 옴므 UV 디펜스 선스틱 20g,비오템 옴므,https://www.oliveyoung.co.kr/store/goods/getGoodsDetail.do?goodsNo=A000000137840&dispCatNo=100000100110003&trackingCd=Cat100000100110003_Small&t_page=카테고리관&t_click=선스틱_전체__상품상세&t_number=4
[NEW/모공커버] 닥터지 포어 블러 업 선 스틱 19g,닥터지,https://www.oliveyoung.co.kr/store/goods/getGoodsDetail.do?goodsNo=A000000203877&dispCatNo=100000100110003&trackingCd=Cat100000100110003_Small&t_page=카테고리관&t_click=선스틱_전체__상품상세&t_number=5
[쿨링/3초열진정] 토코보 시카 쿨링 선스틱 18g SPF50+ PA++++,토코보,https://www.oliveyoung.co.kr/store/goods/getGoodsDetail.do?goodsNo=A000000204878&dispCatNo=100000100110003&trackingCd=Cat100000100110003_Small&t_page=카테고리관&t_click=선스틱_전체__상품상세&t_number=6
[NEW] 아이오페 UV쉴드 선스틱 20g,아이오페,https://www.oliveyoung.co.kr/store/goods/getGoodsDetail.do?goodsNo=A000000205012&dispCatNo=100000100110003&trackingCd=Cat100000100110003_Small&t_page=카테고리관&t_click=선스틱_전체__상품상세&t_number=7
브링그린 티트리시카쿨링선스틱 20g 리필기획(배스킨콜라보),브링그린,https://www.oliveyoung.co.kr/store/goods/getGoodsDetail.do?goodsNo=A000000205163&dispCatNo=100000100110003&trackingCd=Cat100000100110003_Small&t_page=카테고리관&t_click=선스틱_전체__상품상세&t_number=8
[NEW] 아이레시피 워터리 터치 에센스 선 밤 10g,아이레시피,https://www.oliveyoung.co.kr/store/goods/getGoodsDetail.do?goodsNo=A000000207687&dispCatNo=100000100110003&trackingCd=Cat100000100110003_Small&t_page=카테고리관&t_click=선스틱_전체__상품상세&t_number=9
무슈제이 퍼펙트 프루프 선스틱 18.5g,무슈제이,https://www.oliveyoung.co.kr/store/goods/getGoodsDetail.do?goodsNo=A000000207372&dispCatNo=100000100110003&trackingCd=Cat100000100110003_Small&t_page=카테고리관&t_click=선스틱_전체__상품상세&t_number=10
톡스앤필 유브이 엑스퍼트 올인원 선스틱 18g,톡스앤필,https://www.oliveyoung.co.kr/store/goods/getGoodsDetail.do?goodsNo=A000000201756&dispCatNo=100000100110003&trackingCd=Cat100000100110003_Small&t_page=카테고리관&t_click=선스틱_전체__상품상세&t_number=11
[1+1 / 쿨링스틱] 라타플랑 미나리 진정 노세범 선스틱 19g,라타플랑,https://www.oliveyoung.co.kr/store/goods/getGoodsDetail.do?goodsNo=A000000206176&dispCatNo=100000100110003&trackingCd=Cat100000100110003_Small&t_page=카테고리관&t_click=선스틱_전체__상품상세&t_number=12
AHC 마스터즈 카밍 워터풀 선스틱 22g,AHC,https://www.oliveyoung.co.kr/store/goods/getGoodsDetail.do?goodsNo=A000000205809&dispCatNo=100000100110003&trackingCd=Cat100000100110003_Small&t_page=카테고리관&t_click=선스틱_전체__상품상세&t_number=13
라로제 클린 선스틱 SPF 50 PA++++ 18.5g (워터프루프),라로제,https://www.oliveyoung.co.kr/store/goods/getGoodsDetail.do?goodsNo=A000000205410&dispCatNo=100000100110003&trackingCd=Cat100000100110003_Small&t_page=카테고리관&t_click=선스틱_전체__상품상세&t_number=14
[구성환PICK/씨프렌들리] 부쉬맨 워터프루프 서핑 선스틱 16g 기획 (+ 데일리 선크림 20ml),부쉬맨,https://www.oliveyoung.co.kr/store/goods/getGoodsDetail.do?goodsNo=A000000205884&dispCatNo=100000100110003&trackingCd=Cat100000100110003_Small&t_page=카테고리관&t_click=선스틱_전체__상품상세&t_number=15
[혼합자차/더보이즈 큐PICK]듀이트리 어반쉐이드 피치라이크 톤업 선스틱 13g,듀이트리,https://www.oliveyoung.co.kr/store/goods/getGoodsDetail.do?goodsNo=A000000181101&dispCatNo=100000100110003&trackingCd=Cat100000100110003_Small&t_page=카테고리관&t_click=선스틱_전체__상품상세&t_number=16
로우퀘스트 에키네시아 에어리 선스틱 19g,로우퀘스트,https://www.oliveyoung.co.kr/store/goods/getGoodsDetail.do?goodsNo=A000000201644&dispCatNo=100000100110003&trackingCd=Cat100000100110003_Small&t_page=카테고리관&t_click=선스틱_전체__상품상세&t_number=17
김정문알로에 큐어 워터 스플래쉬 쿨링 선스틱 23g,큐어,https://www.oliveyoung.co.kr/store/goods/getGoodsDetail.do?goodsNo=A000000162700&dispCatNo=100000100110003&trackingCd=Cat100000100110003_Small&t_page=카테고리관&t_click=선스틱_전체__상품상세&t_number=18
빌리프 해피보 이지워시 선 스틱 18g,빌리프,https://www.oliveyoung.co.kr/store/goods/getGoodsDetail.do?goodsNo=A000000184389&dispCatNo=100000100110003&trackingCd=Cat100000100110003_Small&t_page=카테고리관&t_click=선스틱_전체__상품상세&t_number=19
[선착순 투고키트 포함 2종 증정] 헤라 UV프로텍터 액티브 선 밤 10g,헤라,https://www.oliveyoung.co.kr/store/goods/getGoodsDetail.do?goodsNo=A000000183964&dispCatNo=100000100110003&trackingCd=Cat100000100110003_Small&t_page=카테고리관&t_click=선스틱_전체__상품상세&t_number=20
[보송자차] 달바 에어 핏 프레쉬 선 스틱 19g,달바,https://www.oliveyoung.co.kr/store/goods/getGoodsDetail.do?goodsNo=A000000184452&dispCatNo=100000100110003&trackingCd=Cat100000100110003_Small&t_page=카테고리관&t_click=선스틱_전체__상품상세&t_number=21
케어존 라이트핏 벨벳 선스틱 39g,케어존,https://www.oliveyoung.co.kr/store/goods/getGoodsDetail.do?goodsNo=A000000183349&dispCatNo=100000100110003&trackingCd=Cat100000100110003_Small&t_page=카테고리관&t_click=선스틱_전체__상품상세&t_number=22
정샘물 키즈 마일드 선 스틱 17g,정샘물,https://www.oliveyoung.co.kr/store/goods/getGoodsDetail.do?goodsNo=A000000183150&dispCatNo=100000100110003&trackingCd=Cat100000100110003_Small&t_page=카테고리관&t_click=선스틱_전체__상품상세&t_number=23
AHC 내추럴 퍼펙션 프레쉬 선스틱 14g,AHC,https://www.oliveyoung.co.kr/store/goods/getGoodsDetail.do?goodsNo=A000000182998&dispCatNo=100000100110003&trackingCd=Cat100000100110003_Small&t_page=카테고리관&t_click=선스틱_전체__상품상세&t_number=24
