page,brand_name,product_name,product_link,image_url
1,식물나라,[초특가]식물나라 UV차단 아웃도어 선패치(2eaX5sets),https://www.oliveyoung.co.kr/store/goods/getGoodsDetail.do?goodsNo=A000000202948&dispCatNo=1000001001100050001&trackingCd=Cat1000001001100050001_Small&t_page=%EC%B9%B4%ED%85%8C%EA%B3%A0%EB%A6%AC%EA%B4%80&t_click=%EC%84%A0%ED%8C%A8%EC%B9%98_%EC%86%8C_%EC%84%A0%ED%8C%A8%EC%B9%98__%EC%83%81%ED%92%88%EC%83%81%EC%84%B8&t_number=1,https://image.oliveyoung.co.kr/uploads/images/goods/400/10/0000/0020/A00000020294801ko.jpg?l=ko
1,프란츠,프란츠 네이키드 선쉴드 펩타이드 패치 L사이즈 5개입,https://www.oliveyoung.co.kr/store/goods/getGoodsDetail.do?goodsNo=A000000187242&dispCatNo=1000001001100050001&trackingCd=Cat1000001001100050001_Small&t_page=%EC%B9%B4%ED%85%8C%EA%B3%A0%EB%A6%AC%EA%B4%80&t_click=%EC%84%A0%ED%8C%A8%EC%B9%98_%EC%86%8C_%EC%84%A0%ED%8C%A8%EC%B9%98__%EC%83%81%ED%92%88%EC%83%81%EC%84%B8&t_number=2,https://image.oliveyoung.co.kr/uploads/images/goods/400/10/0000/0018/A00000018724204ko.jpg?l=ko
1,AHC,[박세리 공동개발] AHC 마스터즈 프로 패치 2스텝 4매,https://www.oliveyoung.co.kr/store/goods/getGoodsDetail.do?goodsNo=A000000164844&dispCatNo=1000001001100050001&trackingCd=Cat1000001001100050001_Small&t_page=%EC%B9%B4%ED%85%8C%EA%B3%A0%EB%A6%AC%EA%B4%80&t_click=%EC%84%A0%ED%8C%A8%EC%B9%98_%EC%86%8C_%EC%84%A0%ED%8C%A8%EC%B9%98__%EC%83%81%ED%92%88%EC%83%81%EC%84%B8&t_number=3,https://image.oliveyoung.co.kr/uploads/images/goods/400/10/0000/0016/A00000016484407ko.jpg?l=ko
1,다슈,다슈 데일리 유브이 컷 골프 패치 5회분(패치 5쌍),https://www.oliveyoung.co.kr/store/goods/getGoodsDetail.do?goodsNo=A000000161441&dispCatNo=1000001001100050001&trackingCd=Cat1000001001100050001_Small&t_page=%EC%B9%B4%ED%85%8C%EA%B3%A0%EB%A6%AC%EA%B4%80&t_click=%EC%84%A0%ED%8C%A8%EC%B9%98_%EC%86%8C_%EC%84%A0%ED%8C%A8%EC%B9%98__%EC%83%81%ED%92%88%EC%83%81%EC%84%B8&t_number=4,https://image.oliveyoung.co.kr/uploads/images/goods/400/10/0000/0016/A00000016144104ko.jpg?l=ko
1,메디힐,[4매입/나비존집중] 메디힐 유브이 컷 아웃도어 선 패치 [트리플 프로텍션],https://www.oliveyoung.co.kr/store/goods/getGoodsDetail.do?goodsNo=A000000175125&dispCatNo=1000001001100050001&trackingCd=Cat1000001001100050001_Small&t_page=%EC%B9%B4%ED%85%8C%EA%B3%A0%EB%A6%AC%EA%B4%80&t_click=%EC%84%A0%ED%8C%A8%EC%B9%98_%EC%86%8C_%EC%84%A0%ED%8C%A8%EC%B9%98__%EC%83%81%ED%92%88%EC%83%81%EC%84%B8&t_number=5,https://image.oliveyoung.co.kr/uploads/images/goods/400/10/0000/0017/A00000017512509ko.jpg?l=ko
1,오제끄,오제끄 아웃도어 비타토닝 패치 이글형 3매,https://www.oliveyoung.co.kr/store/goods/getGoodsDetail.do?goodsNo=A000000185396&dispCatNo=1000001001100050001&trackingCd=Cat1000001001100050001_Small&t_page=%EC%B9%B4%ED%85%8C%EA%B3%A0%EB%A6%AC%EA%B4%80&t_click=%EC%84%A0%ED%8C%A8%EC%B9%98_%EC%86%8C_%EC%84%A0%ED%8C%A8%EC%B9%98__%EC%83%81%ED%92%88%EC%83%81%EC%84%B8&t_number=6,https://image.oliveyoung.co.kr/uploads/images/goods/400/10/0000/0018/A00000018539604ko.jpg?l=ko
1,도미나스,도미나스 아웃도어 톤업패치(4회분),https://www.oliveyoung.co.kr/store/goods/getGoodsDetail.do?goodsNo=A000000168721&dispCatNo=1000001001100050001&trackingCd=Cat1000001001100050001_Small&t_page=%EC%B9%B4%ED%85%8C%EA%B3%A0%EB%A6%AC%EA%B4%80&t_click=%EC%84%A0%ED%8C%A8%EC%B9%98_%EC%86%8C_%EC%84%A0%ED%8C%A8%EC%B9%98__%EC%83%81%ED%92%88%EC%83%81%EC%84%B8&t_number=7,https://image.oliveyoung.co.kr/uploads/images/goods/400/10/0000/0016/A00000016872101ko.jpg?l=ko
1,오제끄,[단독기획] 오제끄 아웃도어 비타토닝 패치 버디형 3매 (+1매 증정기획),https://www.oliveyoung.co.kr/store/goods/getGoodsDetail.do?goodsNo=A000000185395&dispCatNo=1000001001100050001&trackingCd=Cat1000001001100050001_Small&t_page=%EC%B9%B4%ED%85%8C%EA%B3%A0%EB%A6%AC%EA%B4%80&t_click=%EC%84%A0%ED%8C%A8%EC%B9%98_%EC%86%8C_%EC%84%A0%ED%8C%A8%EC%B9%98__%EC%83%81%ED%92%88%EC%83%81%EC%84%B8&t_number=8,https://image.oliveyoung.co.kr/uploads/images/goods/400/10/0000/0018/A00000018539504ko.jpg?l=ko
1,에이바자르,에이바자르 액티비티 화이트닝 아이패치 4회분,https://www.oliveyoung.co.kr/store/goods/getGoodsDetail.do?goodsNo=A000000157838&dispCatNo=1000001001100050001&trackingCd=Cat1000001001100050001_Small&t_page=%EC%B9%B4%ED%85%8C%EA%B3%A0%EB%A6%AC%EA%B4%80&t_click=%EC%84%A0%ED%8C%A8%EC%B9%98_%EC%86%8C_%EC%84%A0%ED%8C%A8%EC%B9%98__%EC%83%81%ED%92%88%EC%83%81%EC%84%B8&t_number=9,https://image.oliveyoung.co.kr/uploads/images/goods/400/10/0000/0015/A00000015783811ko.jpg?l=ko
1,메디앤서,메디앤서 UV 디펜스 패치 4매,https://www.oliveyoung.co.kr/store/goods/getGoodsDetail.do?goodsNo=A000000183354&dispCatNo=1000001001100050001&trackingCd=Cat1000001001100050001_Small&t_page=%EC%B9%B4%ED%85%8C%EA%B3%A0%EB%A6%AC%EA%B4%80&t_click=%EC%84%A0%ED%8C%A8%EC%B9%98_%EC%86%8C_%EC%84%A0%ED%8C%A8%EC%B9%98__%EC%83%81%ED%92%88%EC%83%81%EC%84%B8&t_number=10,https://image.oliveyoung.co.kr/uploads/images/goods/400/10/0000/0018/A00000018335403ko.jpg?l=ko
1,다슈,다슈 데일리 유브이 쉴드 이지 빅 골프 패치(패치 5쌍),https://www.oliveyoung.co.kr/store/goods/getGoodsDetail.do?goodsNo=A000000172004&dispCatNo=1000001001100050001&trackingCd=Cat1000001001100050001_Small&t_page=%EC%B9%B4%ED%85%8C%EA%B3%A0%EB%A6%AC%EA%B4%80&t_click=%EC%84%A0%ED%8C%A8%EC%B9%98_%EC%86%8C_%EC%84%A0%ED%8C%A8%EC%B9%98__%EC%83%81%ED%92%88%EC%83%81%EC%84%B8&t_number=11,https://image.oliveyoung.co.kr/uploads/images/goods/400/10/0000/0017/A00000017200401ko.jpg?l=ko
1,싸이닉,[NEW] 싸이닉 엔조이 아웃도어 쿨링 선 패치 4개입,https://www.oliveyoung.co.kr/store/goods/getGoodsDetail.do?goodsNo=A000000185935&dispCatNo=1000001001100050001&trackingCd=Cat1000001001100050001_Small&t_page=%EC%B9%B4%ED%85%8C%EA%B3%A0%EB%A6%AC%EA%B4%80&t_click=%EC%84%A0%ED%8C%A8%EC%B9%98_%EC%86%8C_%EC%84%A0%ED%8C%A8%EC%B9%98__%EC%83%81%ED%92%88%EC%83%81%EC%84%B8&t_number=12,https://image.oliveyoung.co.kr/uploads/images/goods/400/10/0000/0018/A00000018593501ko.jpg?l=ko
1,오제끄,오제끄 아웃도어 비타토닝패치 대형 10매 기획 (+2매 증정),https://www.oliveyoung.co.kr/store/goods/getGoodsDetail.do?goodsNo=A000000203078&dispCatNo=1000001001100050001&trackingCd=Cat1000001001100050001_Small&t_page=%EC%B9%B4%ED%85%8C%EA%B3%A0%EB%A6%AC%EA%B4%80&t_click=%EC%84%A0%ED%8C%A8%EC%B9%98_%EC%86%8C_%EC%84%A0%ED%8C%A8%EC%B9%98__%EC%83%81%ED%92%88%EC%83%81%EC%84%B8&t_number=13,https://image.oliveyoung.co.kr/uploads/images/goods/400/10/0000/0020/A00000020307801ko.jpg?l=ko
